entity_id,alias,system,level,source_id,source_hash
cu:district:5de4bab188e9e1bf89fd,10,cu,district,audited_aliases,93b5e6d374ff140ed0cb77b0712b688854b2a7b034946a97b74dee50db7c7755
cu:district:3b7fc5b2c0683c74f1a9,11,cu,district,audited_aliases,93b5e6d374ff140ed0cb77b0712b688854b2a7b034946a97b74dee50db7c7755
cu:district:e39e2a1ca881c8573279,2,cu,district,audited_aliases,93b5e6d374ff140ed0cb77b0712b688854b2a7b034946a97b74dee50db7c7755
cu:district:052abfdc2bed4f351285,3,cu,district,audited_aliases,93b5e6d374ff140ed0cb77b0712b688854b2a7b034946a97b74dee50db7c7755
cu:district:22348f97cc0b09437565,6,cu,district,audited_aliases,93b5e6d374ff140ed0cb77b0712b688854b2a7b034946a97b74dee50db7c7755
cu:district:bd1af0108cd26346bebb,ba đình,cu,district,audited_aliases,93b5e6d374ff140ed0cb77b0712b688854b2a7b034946a97b74dee50db7c7755
cu:district:0c5ce7be6b9eee52ca71,bình chánh,cu,district,audited_aliases,93b5e6d374ff140ed0cb77b0712b688854b2a7b034946a97b74dee50db7c7755
cu:district:89cfaddc56a3ef657f97,bình thạnh,cu,district,audited_aliases,93b5e6d374ff140ed0cb77b0712b688854b2a7b034946a97b74dee50db7c7755
cu:district:a2d5a737235e5ddee48f,bình tân,cu,district,audited_aliases,93b5e6d374ff140ed0cb77b0712b688854b2a7b034946a97b74dee50db7c7755
cu:district:600fb0fd15d8edcf52c4,bắc từ liêm,cu,district,audited_aliases,93b5e6d374ff140ed0cb77b0712b688854b2a7b034946a97b74dee50db7c7755
cu:district:55daac52a5788f3f31d7,chư sê,cu,district,audited_aliases,93b5e6d374ff140ed0cb77b0712b688854b2a7b034946a97b74dee50db7c7755
cu:district:4744fb2f0cb8110c1c3d,dong da,cu,district,audited_aliases,93b5e6d374ff140ed0cb77b0712b688854b2a7b034946a97b74dee50db7c7755
cu:district:fd1de8118c419be62dfb,gia bình,cu,district,audited_aliases,93b5e6d374ff140ed0cb77b0712b688854b2a7b034946a97b74dee50db7c7755
cu:district:cc767c031d3280c579a2,gia lâm,cu,district,audited_aliases,93b5e6d374ff140ed0cb77b0712b688854b2a7b034946a97b74dee50db7c7755
cu:district:14804ec86147c83efed6,gò vấp,cu,district,audited_aliases,93b5e6d374ff140ed0cb77b0712b688854b2a7b034946a97b74dee50db7c7755
cu:district:f467ee0bf149b23a6024,hiệp hòa,cu,district,audited_aliases,93b5e6d374ff140ed0cb77b0712b688854b2a7b034946a97b74dee50db7c7755
cu:district:9ffaed8712caed193464,hoan kiem,cu,district,audited_aliases,93b5e6d374ff140ed0cb77b0712b688854b2a7b034946a97b74dee50db7c7755
cu:district:9ffaed8712caed193464,hoàn kiếm,cu,district,audited_aliases,93b5e6d374ff140ed0cb77b0712b688854b2a7b034946a97b74dee50db7c7755
cu:district:4755dedeaf084f9637a7,hoàng mai,cu,district,audited_aliases,93b5e6d374ff140ed0cb77b0712b688854b2a7b034946a97b74dee50db7c7755
cu:district:6467256e21215ae6785d,huyện thuận thành,cu,district,audited_aliases,93b5e6d374ff140ed0cb77b0712b688854b2a7b034946a97b74dee50db7c7755
cu:district:ed1571e5b8b085d03e5c,huyện việt yên,cu,district,audited_aliases,93b5e6d374ff140ed0cb77b0712b688854b2a7b034946a97b74dee50db7c7755
cu:district:126a61992bfa97a265c3,hà đông,cu,district,audited_aliases,93b5e6d374ff140ed0cb77b0712b688854b2a7b034946a97b74dee50db7c7755
cu:district:090d9b51bbcbeb562cea,long biên,cu,district,audited_aliases,93b5e6d374ff140ed0cb77b0712b688854b2a7b034946a97b74dee50db7c7755
cu:district:0a024fcecfd6857c9243,long hồ,cu,district,audited_aliases,93b5e6d374ff140ed0cb77b0712b688854b2a7b034946a97b74dee50db7c7755
cu:district:bf1a5137e18c80f89eec,phú nhuận,cu,district,audited_aliases,93b5e6d374ff140ed0cb77b0712b688854b2a7b034946a97b74dee50db7c7755
cu:district:bd1af0108cd26346bebb,q.ba đình,cu,district,audited_aliases,93b5e6d374ff140ed0cb77b0712b688854b2a7b034946a97b74dee50db7c7755
cu:district:5de4bab188e9e1bf89fd,quan 10,cu,district,audited_aliases,93b5e6d374ff140ed0cb77b0712b688854b2a7b034946a97b74dee50db7c7755
cu:district:3b7fc5b2c0683c74f1a9,quan 11,cu,district,audited_aliases,93b5e6d374ff140ed0cb77b0712b688854b2a7b034946a97b74dee50db7c7755
cu:district:e39e2a1ca881c8573279,quan 2,cu,district,audited_aliases,93b5e6d374ff140ed0cb77b0712b688854b2a7b034946a97b74dee50db7c7755
cu:district:052abfdc2bed4f351285,quan 3,cu,district,audited_aliases,93b5e6d374ff140ed0cb77b0712b688854b2a7b034946a97b74dee50db7c7755
cu:district:22348f97cc0b09437565,quan 6,cu,district,audited_aliases,93b5e6d374ff140ed0cb77b0712b688854b2a7b034946a97b74dee50db7c7755
cu:district:e39e2a1ca881c8573279,quận 2,cu,district,audited_aliases,93b5e6d374ff140ed0cb77b0712b688854b2a7b034946a97b74dee50db7c7755
cu:district:9ffaed8712caed193464,quận hoan kiem,cu,district,audited_aliases,93b5e6d374ff140ed0cb77b0712b688854b2a7b034946a97b74dee50db7c7755
cu:district:a60bd0d8f70a8204f4fe,quận tay ho,cu,district,audited_aliases,93b5e6d374ff140ed0cb77b0712b688854b2a7b034946a97b74dee50db7c7755
cu:district:efa41104387c2703a418,quế võ,cu,district,audited_aliases,93b5e6d374ff140ed0cb77b0712b688854b2a7b034946a97b74dee50db7c7755
cu:district:a60bd0d8f70a8204f4fe,tay ho,cu,district,audited_aliases,93b5e6d374ff140ed0cb77b0712b688854b2a7b034946a97b74dee50db7c7755
cu:district:6467256e21215ae6785d,thuận thành,cu,district,audited_aliases,93b5e6d374ff140ed0cb77b0712b688854b2a7b034946a97b74dee50db7c7755
cu:district:c83dea58c7de15f65ef3,thành phố bác ninh,cu,district,audited_aliases,93b5e6d374ff140ed0cb77b0712b688854b2a7b034946a97b74dee50db7c7755
cu:district:6e18aaeaf8a55d7a8b07,tiên du,cu,district,audited_aliases,93b5e6d374ff140ed0cb77b0712b688854b2a7b034946a97b74dee50db7c7755
cu:district:c00306b81f762ad52c65,tân bình,cu,district,audited_aliases,93b5e6d374ff140ed0cb77b0712b688854b2a7b034946a97b74dee50db7c7755
cu:district:a60bd0d8f70a8204f4fe,tây hồ,cu,district,audited_aliases,93b5e6d374ff140ed0cb77b0712b688854b2a7b034946a97b74dee50db7c7755
cu:district:e902f41b8d408ee9244b,từ sơn,cu,district,audited_aliases,93b5e6d374ff140ed0cb77b0712b688854b2a7b034946a97b74dee50db7c7755
cu:district:ed1571e5b8b085d03e5c,việt yên,cu,district,audited_aliases,93b5e6d374ff140ed0cb77b0712b688854b2a7b034946a97b74dee50db7c7755
cu:district:4744fb2f0cb8110c1c3d,đống đa,cu,district,audited_aliases,93b5e6d374ff140ed0cb77b0712b688854b2a7b034946a97b74dee50db7c7755
cu:province:89638dc6a343b5fcdbe5,bac giang,cu,province,audited_aliases,93b5e6d374ff140ed0cb77b0712b688854b2a7b034946a97b74dee50db7c7755
cu:province:95be58e3755849ad71d4,bac ninh,cu,province,audited_aliases,93b5e6d374ff140ed0cb77b0712b688854b2a7b034946a97b74dee50db7c7755
moi:province:61ca324b854a0c5ffaee,bac ninh,moi,province,audited_aliases,93b5e6d374ff140ed0cb77b0712b688854b2a7b034946a97b74dee50db7c7755
cu:province:89638dc6a343b5fcdbe5,bắc giang,cu,province,audited_aliases,93b5e6d374ff140ed0cb77b0712b688854b2a7b034946a97b74dee50db7c7755
cu:province:95be58e3755849ad71d4,bắc ninh,cu,province,audited_aliases,93b5e6d374ff140ed0cb77b0712b688854b2a7b034946a97b74dee50db7c7755
moi:province:61ca324b854a0c5ffaee,bắc ninh,moi,province,audited_aliases,93b5e6d374ff140ed0cb77b0712b688854b2a7b034946a97b74dee50db7c7755
cu:province:ab71ef4dafee50abed5b,can tho,cu,province,audited_aliases,93b5e6d374ff140ed0cb77b0712b688854b2a7b034946a97b74dee50db7c7755
moi:province:9260cd744c5be9bab064,can tho,moi,province,audited_aliases,93b5e6d374ff140ed0cb77b0712b688854b2a7b034946a97b74dee50db7c7755
cu:province:ab71ef4dafee50abed5b,cần thơ,cu,province,audited_aliases,93b5e6d374ff140ed0cb77b0712b688854b2a7b034946a97b74dee50db7c7755
moi:province:9260cd744c5be9bab064,cần thơ,moi,province,audited_aliases,93b5e6d374ff140ed0cb77b0712b688854b2a7b034946a97b74dee50db7c7755
cu:province:49b4165f710d8a36509d,da nang,cu,province,audited_aliases,93b5e6d374ff140ed0cb77b0712b688854b2a7b034946a97b74dee50db7c7755
moi:province:a7cd59976f3d0cee6df5,da nang,moi,province,audited_aliases,93b5e6d374ff140ed0cb77b0712b688854b2a7b034946a97b74dee50db7c7755
cu:province:eca08dab54445b93ecc3,dong nai,cu,province,audited_aliases,93b5e6d374ff140ed0cb77b0712b688854b2a7b034946a97b74dee50db7c7755
moi:province:e7b689e2151006237b5d,dong nai,moi,province,audited_aliases,93b5e6d374ff140ed0cb77b0712b688854b2a7b034946a97b74dee50db7c7755
cu:province:25c1606a7d193a8c6d7a,gia lai,cu,province,audited_aliases,93b5e6d374ff140ed0cb77b0712b688854b2a7b034946a97b74dee50db7c7755
moi:province:36f42f64fbeadddeddfa,gia lai,moi,province,audited_aliases,93b5e6d374ff140ed0cb77b0712b688854b2a7b034946a97b74dee50db7c7755
cu:province:4e1e92a6bd28c534ba8e,ha noi,cu,province,audited_aliases,93b5e6d374ff140ed0cb77b0712b688854b2a7b034946a97b74dee50db7c7755
moi:province:867fe4b095d89372067e,ha noi,moi,province,audited_aliases,93b5e6d374ff140ed0cb77b0712b688854b2a7b034946a97b74dee50db7c7755
cu:province:1d82c175132990be8e1a,hai phong,cu,province,audited_aliases,93b5e6d374ff140ed0cb77b0712b688854b2a7b034946a97b74dee50db7c7755
moi:province:d8f466da3d93c68ec3dd,hai phong,moi,province,audited_aliases,93b5e6d374ff140ed0cb77b0712b688854b2a7b034946a97b74dee50db7c7755
cu:province:1d82c175132990be8e1a,haiphong,cu,province,audited_aliases,93b5e6d374ff140ed0cb77b0712b688854b2a7b034946a97b74dee50db7c7755
moi:province:d8f466da3d93c68ec3dd,haiphong,moi,province,audited_aliases,93b5e6d374ff140ed0cb77b0712b688854b2a7b034946a97b74dee50db7c7755
cu:province:4e1e92a6bd28c534ba8e,hanoi,cu,province,audited_aliases,93b5e6d374ff140ed0cb77b0712b688854b2a7b034946a97b74dee50db7c7755
moi:province:867fe4b095d89372067e,hanoi,moi,province,audited_aliases,93b5e6d374ff140ed0cb77b0712b688854b2a7b034946a97b74dee50db7c7755
cu:province:0d43419a8dbed50cb15e,hcm,cu,province,audited_aliases,93b5e6d374ff140ed0cb77b0712b688854b2a7b034946a97b74dee50db7c7755
moi:province:198e33368508d69a0e7e,hcm,moi,province,audited_aliases,93b5e6d374ff140ed0cb77b0712b688854b2a7b034946a97b74dee50db7c7755
cu:province:0d43419a8dbed50cb15e,ho chi minh city,cu,province,audited_aliases,93b5e6d374ff140ed0cb77b0712b688854b2a7b034946a97b74dee50db7c7755
moi:province:198e33368508d69a0e7e,ho chi minh city,moi,province,audited_aliases,93b5e6d374ff140ed0cb77b0712b688854b2a7b034946a97b74dee50db7c7755
cu:province:b8a42d1be096b6c2aebe,huế,cu,province,audited_aliases,93b5e6d374ff140ed0cb77b0712b688854b2a7b034946a97b74dee50db7c7755
moi:province:2ce97e84181fdf1f5f44,huế,moi,province,audited_aliases,93b5e6d374ff140ed0cb77b0712b688854b2a7b034946a97b74dee50db7c7755
cu:province:4e1e92a6bd28c534ba8e,hà nội,cu,province,audited_aliases,93b5e6d374ff140ed0cb77b0712b688854b2a7b034946a97b74dee50db7c7755
moi:province:867fe4b095d89372067e,hà nội,moi,province,audited_aliases,93b5e6d374ff140ed0cb77b0712b688854b2a7b034946a97b74dee50db7c7755
cu:province:0349986a0cef0a4d0b25,hưng yên,cu,province,audited_aliases,93b5e6d374ff140ed0cb77b0712b688854b2a7b034946a97b74dee50db7c7755
moi:province:7da11db621fd7d5e0048,hưng yên,moi,province,audited_aliases,93b5e6d374ff140ed0cb77b0712b688854b2a7b034946a97b74dee50db7c7755
cu:province:0d43419a8dbed50cb15e,hồ chí minh,cu,province,audited_aliases,93b5e6d374ff140ed0cb77b0712b688854b2a7b034946a97b74dee50db7c7755
moi:province:198e33368508d69a0e7e,hồ chí minh,moi,province,audited_aliases,93b5e6d374ff140ed0cb77b0712b688854b2a7b034946a97b74dee50db7c7755
cu:province:0d43419a8dbed50cb15e,hồ chí minh city,cu,province,audited_aliases,93b5e6d374ff140ed0cb77b0712b688854b2a7b034946a97b74dee50db7c7755
moi:province:198e33368508d69a0e7e,hồ chí minh city,moi,province,audited_aliases,93b5e6d374ff140ed0cb77b0712b688854b2a7b034946a97b74dee50db7c7755
cu:province:b4a48671259cda3c5698,lam dong,cu,province,audited_aliases,93b5e6d374ff140ed0cb77b0712b688854b2a7b034946a97b74dee50db7c7755
moi:province:0939b75b223b2c76513e,lam dong,moi,province,audited_aliases,93b5e6d374ff140ed0cb77b0712b688854b2a7b034946a97b74dee50db7c7755
cu:province:b4a48671259cda3c5698,lâm đồng,cu,province,audited_aliases,93b5e6d374ff140ed0cb77b0712b688854b2a7b034946a97b74dee50db7c7755
moi:province:0939b75b223b2c76513e,lâm đồng,moi,province,audited_aliases,93b5e6d374ff140ed0cb77b0712b688854b2a7b034946a97b74dee50db7c7755
cu:province:c74549b3433f5b54227b,quang tri,cu,province,audited_aliases,93b5e6d374ff140ed0cb77b0712b688854b2a7b034946a97b74dee50db7c7755
moi:province:7f862e524a546d0738c5,quang tri,moi,province,audited_aliases,93b5e6d374ff140ed0cb77b0712b688854b2a7b034946a97b74dee50db7c7755
cu:province:17f378c98db54ca4d5b6,quảng nam,cu,province,audited_aliases,93b5e6d374ff140ed0cb77b0712b688854b2a7b034946a97b74dee50db7c7755
cu:province:c74549b3433f5b54227b,quảng trị,cu,province,audited_aliases,93b5e6d374ff140ed0cb77b0712b688854b2a7b034946a97b74dee50db7c7755
moi:province:7f862e524a546d0738c5,quảng trị,moi,province,audited_aliases,93b5e6d374ff140ed0cb77b0712b688854b2a7b034946a97b74dee50db7c7755
cu:province:e1617905fe0f3496beb5,thanh hoa,cu,province,audited_aliases,93b5e6d374ff140ed0cb77b0712b688854b2a7b034946a97b74dee50db7c7755
moi:province:765c154a0de6688b3a99,thanh hoa,moi,province,audited_aliases,93b5e6d374ff140ed0cb77b0712b688854b2a7b034946a97b74dee50db7c7755
cu:province:e1617905fe0f3496beb5,thanh hóa,cu,province,audited_aliases,93b5e6d374ff140ed0cb77b0712b688854b2a7b034946a97b74dee50db7c7755
moi:province:765c154a0de6688b3a99,thanh hóa,moi,province,audited_aliases,93b5e6d374ff140ed0cb77b0712b688854b2a7b034946a97b74dee50db7c7755
cu:province:eca08dab54445b93ecc3,thành phố biên hòa,cu,province,audited_aliases,93b5e6d374ff140ed0cb77b0712b688854b2a7b034946a97b74dee50db7c7755
moi:province:e7b689e2151006237b5d,thành phố biên hòa,moi,province,audited_aliases,93b5e6d374ff140ed0cb77b0712b688854b2a7b034946a97b74dee50db7c7755
cu:province:95be58e3755849ad71d4,thành phố bắc ninh,cu,province,audited_aliases,93b5e6d374ff140ed0cb77b0712b688854b2a7b034946a97b74dee50db7c7755
moi:province:61ca324b854a0c5ffaee,thành phố bắc ninh,moi,province,audited_aliases,93b5e6d374ff140ed0cb77b0712b688854b2a7b034946a97b74dee50db7c7755
cu:province:b4a48671259cda3c5698,thành phố đà lạt,cu,province,audited_aliases,93b5e6d374ff140ed0cb77b0712b688854b2a7b034946a97b74dee50db7c7755
moi:province:0939b75b223b2c76513e,thành phố đà lạt,moi,province,audited_aliases,93b5e6d374ff140ed0cb77b0712b688854b2a7b034946a97b74dee50db7c7755
cu:province:b8a42d1be096b6c2aebe,thừa thiên - huế,cu,province,audited_aliases,93b5e6d374ff140ed0cb77b0712b688854b2a7b034946a97b74dee50db7c7755
moi:province:2ce97e84181fdf1f5f44,thừa thiên - huế,moi,province,audited_aliases,93b5e6d374ff140ed0cb77b0712b688854b2a7b034946a97b74dee50db7c7755
cu:province:b8a42d1be096b6c2aebe,thừa thiên huế,cu,province,audited_aliases,93b5e6d374ff140ed0cb77b0712b688854b2a7b034946a97b74dee50db7c7755
moi:province:2ce97e84181fdf1f5f44,thừa thiên huế,moi,province,audited_aliases,93b5e6d374ff140ed0cb77b0712b688854b2a7b034946a97b74dee50db7c7755
cu:province:0d43419a8dbed50cb15e,tp hồ chí minh,cu,province,audited_aliases,93b5e6d374ff140ed0cb77b0712b688854b2a7b034946a97b74dee50db7c7755
moi:province:198e33368508d69a0e7e,tp hồ chí minh,moi,province,audited_aliases,93b5e6d374ff140ed0cb77b0712b688854b2a7b034946a97b74dee50db7c7755
cu:province:0d43419a8dbed50cb15e,tp. hồ chí minh,cu,province,audited_aliases,93b5e6d374ff140ed0cb77b0712b688854b2a7b034946a97b74dee50db7c7755
moi:province:198e33368508d69a0e7e,tp. hồ chí minh,moi,province,audited_aliases,93b5e6d374ff140ed0cb77b0712b688854b2a7b034946a97b74dee50db7c7755
cu:province:0d43419a8dbed50cb15e,tphcm,cu,province,audited_aliases,93b5e6d374ff140ed0cb77b0712b688854b2a7b034946a97b74dee50db7c7755
moi:province:198e33368508d69a0e7e,tphcm,moi,province,audited_aliases,93b5e6d374ff140ed0cb77b0712b688854b2a7b034946a97b74dee50db7c7755
cu:province:01302fa576048cf431b9,vinh long,cu,province,audited_aliases,93b5e6d374ff140ed0cb77b0712b688854b2a7b034946a97b74dee50db7c7755
moi:province:80cc2ddf4d94a202ea9b,vinh long,moi,province,audited_aliases,93b5e6d374ff140ed0cb77b0712b688854b2a7b034946a97b74dee50db7c7755
cu:province:01302fa576048cf431b9,vĩnh long,cu,province,audited_aliases,93b5e6d374ff140ed0cb77b0712b688854b2a7b034946a97b74dee50db7c7755
moi:province:80cc2ddf4d94a202ea9b,vĩnh long,moi,province,audited_aliases,93b5e6d374ff140ed0cb77b0712b688854b2a7b034946a97b74dee50db7c7755
cu:province:49b4165f710d8a36509d,đà nẵng,cu,province,audited_aliases,93b5e6d374ff140ed0cb77b0712b688854b2a7b034946a97b74dee50db7c7755
moi:province:a7cd59976f3d0cee6df5,đà nẵng,moi,province,audited_aliases,93b5e6d374ff140ed0cb77b0712b688854b2a7b034946a97b74dee50db7c7755
cu:province:eca08dab54445b93ecc3,đồng nai,cu,province,audited_aliases,93b5e6d374ff140ed0cb77b0712b688854b2a7b034946a97b74dee50db7c7755
moi:province:e7b689e2151006237b5d,đồng nai,moi,province,audited_aliases,93b5e6d374ff140ed0cb77b0712b688854b2a7b034946a97b74dee50db7c7755
cu:ward:7c6266c839b739f464dc,an lạc,cu,ward,audited_aliases,93b5e6d374ff140ed0cb77b0712b688854b2a7b034946a97b74dee50db7c7755
cu:ward:8bfa653c25a3602aaac4,an lạc,cu,ward,audited_aliases,93b5e6d374ff140ed0cb77b0712b688854b2a7b034946a97b74dee50db7c7755
cu:ward:8f6eca0d485838a56cb5,an lạc,cu,ward,audited_aliases,93b5e6d374ff140ed0cb77b0712b688854b2a7b034946a97b74dee50db7c7755
cu:ward:e24bc9be0d9f4b5eaff8,an lạc,cu,ward,audited_aliases,93b5e6d374ff140ed0cb77b0712b688854b2a7b034946a97b74dee50db7c7755
moi:ward:35027a20112cbc07c1e9,an lạc,moi,ward,audited_aliases,93b5e6d374ff140ed0cb77b0712b688854b2a7b034946a97b74dee50db7c7755
moi:ward:95aff3f422bdd3409776,bình tây,moi,ward,audited_aliases,93b5e6d374ff140ed0cb77b0712b688854b2a7b034946a97b74dee50db7c7755
moi:ward:7e73861987a29ef83724,cầu kiệu,moi,ward,audited_aliases,93b5e6d374ff140ed0cb77b0712b688854b2a7b034946a97b74dee50db7c7755
cu:ward:1d672d93cbd5280fd1cd,cửa nam,cu,ward,audited_aliases,93b5e6d374ff140ed0cb77b0712b688854b2a7b034946a97b74dee50db7c7755
cu:ward:21bc7055ce6ea081f775,cửa nam,cu,ward,audited_aliases,93b5e6d374ff140ed0cb77b0712b688854b2a7b034946a97b74dee50db7c7755
cu:ward:923a38a2000b70ec7b15,cửa nam,cu,ward,audited_aliases,93b5e6d374ff140ed0cb77b0712b688854b2a7b034946a97b74dee50db7c7755
moi:ward:da30bd632691efac11be,cửa nam,moi,ward,audited_aliases,93b5e6d374ff140ed0cb77b0712b688854b2a7b034946a97b74dee50db7c7755
cu:ward:1cf2ab9dd1acd37136fc,cửa đông,cu,ward,audited_aliases,93b5e6d374ff140ed0cb77b0712b688854b2a7b034946a97b74dee50db7c7755
cu:ward:1c3a93f10105f195c05f,diên hồng,cu,ward,audited_aliases,93b5e6d374ff140ed0cb77b0712b688854b2a7b034946a97b74dee50db7c7755
moi:ward:41370f04f6ba1ee60d5c,diên hồng,moi,ward,audited_aliases,93b5e6d374ff140ed0cb77b0712b688854b2a7b034946a97b74dee50db7c7755
moi:ward:b132ed22aff25c93040a,diên hồng,moi,ward,audited_aliases,93b5e6d374ff140ed0cb77b0712b688854b2a7b034946a97b74dee50db7c7755
cu:ward:0eb97a68c4eee617f955,hang bo,cu,ward,audited_aliases,93b5e6d374ff140ed0cb77b0712b688854b2a7b034946a97b74dee50db7c7755
cu:ward:d7d3aa5bfe9d23a43060,hang buom,cu,ward,audited_aliases,93b5e6d374ff140ed0cb77b0712b688854b2a7b034946a97b74dee50db7c7755
cu:ward:d7d3aa5bfe9d23a43060,hang buồm,cu,ward,audited_aliases,93b5e6d374ff140ed0cb77b0712b688854b2a7b034946a97b74dee50db7c7755
cu:ward:56d9527d4281af6c2ec1,hang gai,cu,ward,audited_aliases,93b5e6d374ff140ed0cb77b0712b688854b2a7b034946a97b74dee50db7c7755
cu:ward:d7d3aa5bfe9d23a43060,hàng buồm,cu,ward,audited_aliases,93b5e6d374ff140ed0cb77b0712b688854b2a7b034946a97b74dee50db7c7755
cu:ward:2c0f2b03d2e57ebcb54d,hàng bông,cu,ward,audited_aliases,93b5e6d374ff140ed0cb77b0712b688854b2a7b034946a97b74dee50db7c7755
cu:ward:013c44213980b6917886,hàng bạc,cu,ward,audited_aliases,93b5e6d374ff140ed0cb77b0712b688854b2a7b034946a97b74dee50db7c7755
cu:ward:0eb97a68c4eee617f955,hàng bồ,cu,ward,audited_aliases,93b5e6d374ff140ed0cb77b0712b688854b2a7b034946a97b74dee50db7c7755
cu:ward:56d9527d4281af6c2ec1,hàng gai,cu,ward,audited_aliases,93b5e6d374ff140ed0cb77b0712b688854b2a7b034946a97b74dee50db7c7755
cu:ward:2413f81af3756fa5d297,hàng mã,cu,ward,audited_aliases,93b5e6d374ff140ed0cb77b0712b688854b2a7b034946a97b74dee50db7c7755
cu:ward:06481b0635c2a6dbdc4c,hàng trống,cu,ward,audited_aliases,93b5e6d374ff140ed0cb77b0712b688854b2a7b034946a97b74dee50db7c7755
cu:ward:ff6cb0f478bf1b6167fb,kim mã,cu,ward,audited_aliases,93b5e6d374ff140ed0cb77b0712b688854b2a7b034946a97b74dee50db7c7755
cu:ward:9a2e053d2bd853d68d51,ngọc hà,cu,ward,audited_aliases,93b5e6d374ff140ed0cb77b0712b688854b2a7b034946a97b74dee50db7c7755
cu:ward:ed87c09e55a5795d4b9b,ngọc hà,cu,ward,audited_aliases,93b5e6d374ff140ed0cb77b0712b688854b2a7b034946a97b74dee50db7c7755
moi:ward:c254c568e4c5fbcbe2ca,ngọc hà,moi,ward,audited_aliases,93b5e6d374ff140ed0cb77b0712b688854b2a7b034946a97b74dee50db7c7755
cu:ward:56d191c83dc65612d299,phú lâm,cu,ward,audited_aliases,93b5e6d374ff140ed0cb77b0712b688854b2a7b034946a97b74dee50db7c7755
moi:ward:1e6daf60cd4f927811af,phú lâm,moi,ward,audited_aliases,93b5e6d374ff140ed0cb77b0712b688854b2a7b034946a97b74dee50db7c7755
cu:ward:c0a3c4d2dce7655c6d1e,phú nhuận,cu,ward,audited_aliases,93b5e6d374ff140ed0cb77b0712b688854b2a7b034946a97b74dee50db7c7755
moi:ward:77f8d6444c57cda6ddc8,phú nhuận,moi,ward,audited_aliases,93b5e6d374ff140ed0cb77b0712b688854b2a7b034946a97b74dee50db7c7755
cu:ward:f9c9cf790d3c15f21c9c,phúc tân,cu,ward,audited_aliases,93b5e6d374ff140ed0cb77b0712b688854b2a7b034946a97b74dee50db7c7755
cu:ward:b6217bb37a2b24f5cf85,phượng mao,cu,ward,audited_aliases,93b5e6d374ff140ed0cb77b0712b688854b2a7b034946a97b74dee50db7c7755
cu:ward:1d1208979f6969e0bab7,quán thánh,cu,ward,audited_aliases,93b5e6d374ff140ed0cb77b0712b688854b2a7b034946a97b74dee50db7c7755
cu:ward:d87ed8ad61ad034088bd,suối hoa,cu,ward,audited_aliases,93b5e6d374ff140ed0cb77b0712b688854b2a7b034946a97b74dee50db7c7755
cu:ward:688b26f2946c9fa9316c,tam hiệp,cu,ward,audited_aliases,93b5e6d374ff140ed0cb77b0712b688854b2a7b034946a97b74dee50db7c7755
moi:ward:fea488ca327639b2c831,tam hiệp,moi,ward,audited_aliases,93b5e6d374ff140ed0cb77b0712b688854b2a7b034946a97b74dee50db7c7755
cu:ward:9efdb970c184d64c5cc2,thảo điền,cu,ward,audited_aliases,93b5e6d374ff140ed0cb77b0712b688854b2a7b034946a97b74dee50db7c7755
cu:ward:072e2a55edf2e45bb912,thụy khuê,cu,ward,audited_aliases,93b5e6d374ff140ed0cb77b0712b688854b2a7b034946a97b74dee50db7c7755
cu:ward:869bd79cd369b2538537,tiền ninh vệ,cu,ward,audited_aliases,93b5e6d374ff140ed0cb77b0712b688854b2a7b034946a97b74dee50db7c7755
cu:ward:b661d4338c7a00e8e25f,trúc bạch,cu,ward,audited_aliases,93b5e6d374ff140ed0cb77b0712b688854b2a7b034946a97b74dee50db7c7755
cu:ward:da96b6060606e4e6c7c4,trảng dài,cu,ward,audited_aliases,93b5e6d374ff140ed0cb77b0712b688854b2a7b034946a97b74dee50db7c7755
moi:ward:67f4faa03960afb5aa2b,trảng dài,moi,ward,audited_aliases,93b5e6d374ff140ed0cb77b0712b688854b2a7b034946a97b74dee50db7c7755
moi:ward:70e32bd9ee60c6e877ba,trấn biên,moi,ward,audited_aliases,93b5e6d374ff140ed0cb77b0712b688854b2a7b034946a97b74dee50db7c7755
cu:ward:18ed5c8dca2d854dd5de,tân bình,cu,ward,audited_aliases,93b5e6d374ff140ed0cb77b0712b688854b2a7b034946a97b74dee50db7c7755
cu:ward:78d8a8983ca204ab79ae,tân bình,cu,ward,audited_aliases,93b5e6d374ff140ed0cb77b0712b688854b2a7b034946a97b74dee50db7c7755
cu:ward:7a3686db92885cc462ba,tân bình,cu,ward,audited_aliases,93b5e6d374ff140ed0cb77b0712b688854b2a7b034946a97b74dee50db7c7755
cu:ward:7e8b8b34c9158b49148b,tân bình,cu,ward,audited_aliases,93b5e6d374ff140ed0cb77b0712b688854b2a7b034946a97b74dee50db7c7755
moi:ward:c3cdf7f23c80b51c9a66,tân bình,moi,ward,audited_aliases,93b5e6d374ff140ed0cb77b0712b688854b2a7b034946a97b74dee50db7c7755
cu:ward:6b12ce2f854276d4531e,vũ ninh,cu,ward,audited_aliases,93b5e6d374ff140ed0cb77b0712b688854b2a7b034946a97b74dee50db7c7755
moi:ward:000f8ba051aee1903b3d,vũ ninh,moi,ward,audited_aliases,93b5e6d374ff140ed0cb77b0712b688854b2a7b034946a97b74dee50db7c7755
cu:ward:0be44edc9a3f10caa3bc,xuân hòa,cu,ward,audited_aliases,93b5e6d374ff140ed0cb77b0712b688854b2a7b034946a97b74dee50db7c7755
cu:ward:20ebfcb9479858366356,xuân hòa,cu,ward,audited_aliases,93b5e6d374ff140ed0cb77b0712b688854b2a7b034946a97b74dee50db7c7755
moi:ward:8e417cf0d455db471b90,xuân hòa,moi,ward,audited_aliases,93b5e6d374ff140ed0cb77b0712b688854b2a7b034946a97b74dee50db7c7755
moi:ward:ab66b1b2f9354a2c5ecd,xuân hòa,moi,ward,audited_aliases,93b5e6d374ff140ed0cb77b0712b688854b2a7b034946a97b74dee50db7c7755
moi:ward:6f1715e0cc3af3611288,xuân hương - đà lạt,moi,ward,audited_aliases,93b5e6d374ff140ed0cb77b0712b688854b2a7b034946a97b74dee50db7c7755
cu:ward:6ef1d254c452a0df14f1,điện biên,cu,ward,audited_aliases,93b5e6d374ff140ed0cb77b0712b688854b2a7b034946a97b74dee50db7c7755
cu:ward:bda945ba292265541494,điện biên,cu,ward,audited_aliases,93b5e6d374ff140ed0cb77b0712b688854b2a7b034946a97b74dee50db7c7755
cu:ward:14f155482d1530f6e88e,đình bảng,cu,ward,audited_aliases,93b5e6d374ff140ed0cb77b0712b688854b2a7b034946a97b74dee50db7c7755
cu:ward:74e45cf3b9b66aebd15f,đông ngàn,cu,ward,audited_aliases,93b5e6d374ff140ed0cb77b0712b688854b2a7b034946a97b74dee50db7c7755
cu:ward:146ee653b03a99cfd58c,đại phúc,cu,ward,audited_aliases,93b5e6d374ff140ed0cb77b0712b688854b2a7b034946a97b74dee50db7c7755
cu:ward:7afb5955e885ac1e83d6,đồng xuân,cu,ward,audited_aliases,93b5e6d374ff140ed0cb77b0712b688854b2a7b034946a97b74dee50db7c7755
cu:ward:d5d9b7a134d6e3ce7ca3,đồng xuân,cu,ward,audited_aliases,93b5e6d374ff140ed0cb77b0712b688854b2a7b034946a97b74dee50db7c7755
cu:ward:4fcc5161468a1b05fee1,đội cấn,cu,ward,audited_aliases,93b5e6d374ff140ed0cb77b0712b688854b2a7b034946a97b74dee50db7c7755
cu:ward:f0552cf5f6d62ac4a215,đội cấn,cu,ward,audited_aliases,93b5e6d374ff140ed0cb77b0712b688854b2a7b034946a97b74dee50db7c7755
